Date,Total_Individuals_in_Shelter
9/25/2019 0:00,59947
9/24/2019 0:00,60116
9/23/2019 0:00,60235
9/22/2019 0:00,60166
9/21/2019 0:00,60140
9/20/2019 0:00,60181
9/19/2019 0:00,60339
9/18/2019 0:00,60351
9/17/2019 0:00,60405
9/16/2019 0:00,60463
9/15/2019 0:00,60437
9/14/2019 0:00,60307
9/13/2019 0:00,60401
9/12/2019 0:00,60479
9/11/2019 0:00,60488
9/10/2019 0:00,60479
9/9/2019 0:00,60342
9/8/2019 0:00,60228
9/7/2019 0:00,60096
9/6/2019 0:00,60075
9/5/2019 0:00,60170
9/4/2019 0:00,60121
9/3/2019 0:00,59983
9/2/2019 0:00,59951
9/1/2019 0:00,59978
8/31/2019 0:00,59809
8/30/2019 0:00,59765
8/29/2019 0:00,60002
8/28/2019 0:00,60069
8/27/2019 0:00,60181
8/26/2019 0:00,60120
8/25/2019 0:00,60114
8/24/2019 0:00,60013
8/23/2019 0:00,60035
8/22/2019 0:00,60142
8/21/2019 0:00,60192
8/20/2019 0:00,60100
8/19/2019 0:00,60074
8/18/2019 0:00,59945
8/17/2019 0:00,59917
8/16/2019 0:00,60071
8/15/2019 0:00,59914
8/14/2019 0:00,60128
8/13/2019 0:00,60184
8/12/2019 0:00,60106
8/11/2019 0:00,60126
8/10/2019 0:00,59953
8/9/2019 0:00,59902
8/8/2019 0:00,59960
8/7/2019 0:00,59882
8/6/2019 0:00,59932
8/5/2019 0:00,59856
8/4/2019 0:00,59815
8/3/2019 0:00,59726
8/2/2019 0:00,59756
8/1/2019 0:00,59831
7/31/2019 0:00,59765
7/30/2019 0:00,59634
7/29/2019 0:00,59695
7/28/2019 0:00,59819
7/27/2019 0:00,59626
7/26/2019 0:00,59617
7/25/2019 0:00,59841
7/24/2019 0:00,59746
7/23/2019 0:00,59689
7/22/2019 0:00,59651
7/21/2019 0:00,59523
7/20/2019 0:00,59439
7/19/2019 0:00,59603
7/18/2019 0:00,59836
7/17/2019 0:00,59802
7/16/2019 0:00,59621
7/15/2019 0:00,59705
7/14/2019 0:00,59657
7/13/2019 0:00,59511
7/12/2019 0:00,59616
7/11/2019 0:00,59760
7/10/2019 0:00,59604
7/9/2019 0:00,59561
7/8/2019 0:00,59557
7/7/2019 0:00,59476
7/6/2019 0:00,59245
7/5/2019 0:00,59298
7/4/2019 0:00,59372
7/3/2019 0:00,59232
7/2/2019 0:00,59098
7/1/2019 0:00,58978
6/30/2019 0:00,58858
6/29/2019 0:00,58867
6/28/2019 0:00,58909
6/27/2019 0:00,59113
6/26/2019 0:00,59142
6/25/2019 0:00,58952
6/24/2019 0:00,59041
6/23/2019 0:00,58953
6/22/2019 0:00,58867
6/21/2019 0:00,58898
6/20/2019 0:00,59009
6/19/2019 0:00,59017
6/18/2019 0:00,58980
6/17/2019 0:00,59024
6/16/2019 0:00,59069
6/15/2019 0:00,58830
6/14/2019 0:00,58910
6/13/2019 0:00,59082
6/12/2019 0:00,59018
6/11/2019 0:00,58934
6/10/2019 0:00,58948
6/9/2019 0:00,58809
6/8/2019 0:00,58600
6/7/2019 0:00,58584
6/6/2019 0:00,58649
6/5/2019 0:00,58688
6/4/2019 0:00,58656
6/3/2019 0:00,58570
6/2/2019 0:00,58520
6/1/2019 0:00,58394
5/31/2019 0:00,58389
5/30/2019 0:00,58361
5/29/2019 0:00,58402
5/28/2019 0:00,58332
5/27/2019 0:00,58407
5/26/2019 0:00,58289
5/25/2019 0:00,58136
5/24/2019 0:00,58158
5/23/2019 0:00,58251
5/22/2019 0:00,58292
5/21/2019 0:00,58225
5/20/2019 0:00,58165
5/19/2019 0:00,57978
5/18/2019 0:00,57981
5/17/2019 0:00,58115
5/16/2019 0:00,58251
5/15/2019 0:00,58164
5/14/2019 0:00,58119
5/13/2019 0:00,58136
5/12/2019 0:00,58117
5/11/2019 0:00,58080
5/10/2019 0:00,58172
5/9/2019 0:00,58518
5/8/2019 0:00,58322
5/7/2019 0:00,58198
5/6/2019 0:00,58141
5/5/2019 0:00,58038
5/4/2019 0:00,57971
5/3/2019 0:00,58001
5/2/2019 0:00,57860
5/1/2019 0:00,58027
4/30/2019 0:00,57928
4/29/2019 0:00,57826
4/28/2019 0:00,57910
4/27/2019 0:00,57913
4/26/2019 0:00,58035
4/25/2019 0:00,58064
4/24/2019 0:00,58168
4/23/2019 0:00,58020
4/22/2019 0:00,58041
4/21/2019 0:00,58074
4/20/2019 0:00,57939
4/19/2019 0:00,58089
4/18/2019 0:00,58239
4/17/2019 0:00,58215
4/16/2019 0:00,58196
4/15/2019 0:00,58170
4/14/2019 0:00,58062
4/13/2019 0:00,58034
4/12/2019 0:00,58127
4/11/2019 0:00,58139
4/10/2019 0:00,58125
4/9/2019 0:00,58004
4/8/2019 0:00,58010
4/7/2019 0:00,57858
4/6/2019 0:00,57844
4/5/2019 0:00,57974
4/4/2019 0:00,58096
4/3/2019 0:00,58093
4/2/2019 0:00,58104
4/1/2019 0:00,58097
3/31/2019 0:00,57935
3/30/2019 0:00,57743
3/29/2019 0:00,57834
3/28/2019 0:00,58092
3/27/2019 0:00,58040
3/26/2019 0:00,58007
3/25/2019 0:00,57968
3/24/2019 0:00,58027
3/23/2019 0:00,58077
3/22/2019 0:00,58067
3/21/2019 0:00,58224
3/20/2019 0:00,58171
3/19/2019 0:00,58145
3/18/2019 0:00,58191
3/17/2019 0:00,58199
3/16/2019 0:00,58226
3/15/2019 0:00,58246
3/14/2019 0:00,58496
3/13/2019 0:00,58686
3/12/2019 0:00,58673
3/11/2019 0:00,58630
3/10/2019 0:00,58494
3/9/2019 0:00,58554
3/8/2019 0:00,58617
3/7/2019 0:00,58584
3/6/2019 0:00,58545
3/5/2019 0:00,58565
3/4/2019 0:00,58540
3/3/2019 0:00,58396
3/2/2019 0:00,58350
3/1/2019 0:00,58515
2/28/2019 0:00,58610
2/27/2019 0:00,58712
2/26/2019 0:00,58707
2/25/2019 0:00,58742
2/24/2019 0:00,58645
2/23/2019 0:00,58682
2/22/2019 0:00,58665
2/21/2019 0:00,58649
2/20/2019 0:00,58617
2/19/2019 0:00,58586
2/18/2019 0:00,58640
2/17/2019 0:00,58570
2/16/2019 0:00,58516
2/15/2019 0:00,58593
2/14/2019 0:00,58693
2/13/2019 0:00,58794
2/12/2019 0:00,58759
2/11/2019 0:00,58754
2/10/2019 0:00,58579
2/9/2019 0:00,58757
2/8/2019 0:00,58971
2/7/2019 0:00,58810
2/6/2019 0:00,58710
2/5/2019 0:00,59760
2/4/2019 0:00,59871
2/3/2019 0:00,59735
2/2/2019 0:00,59783
2/1/2019 0:00,59870
1/31/2019 0:00,59991
1/30/2019 0:00,60028
1/29/2019 0:00,59951
1/28/2019 0:00,59957
1/27/2019 0:00,59894
1/26/2019 0:00,60051
1/25/2019 0:00,60151
1/24/2019 0:00,60111
1/23/2019 0:00,60066
1/22/2019 0:00,60114
1/21/2019 0:00,60146
1/20/2019 0:00,60103
1/19/2019 0:00,60289
1/18/2019 0:00,60315
1/17/2019 0:00,60277
1/16/2019 0:00,60209
1/15/2019 0:00,60184
1/14/2019 0:00,60210
1/13/2019 0:00,60118
1/12/2019 0:00,60306
1/11/2019 0:00,60386
1/10/2019 0:00,60579
1/9/2019 0:00,60557
1/8/2019 0:00,60512
1/7/2019 0:00,60421
1/6/2019 0:00,60426
1/5/2019 0:00,60422
1/4/2019 0:00,60624
1/3/2019 0:00,60500
1/2/2019 0:00,60450
1/1/2019 0:00,60670
12/31/2018 0:00,60500
12/30/2018 0:00,60365
12/29/2018 0:00,60373
12/28/2018 0:00,60536
12/27/2018 0:00,60620
12/26/2018 0:00,60665
12/25/2018 0:00,60694
12/24/2018 0:00,60673
12/23/2018 0:00,60622
12/22/2018 0:00,60607
12/21/2018 0:00,60678
12/20/2018 0:00,60661
12/19/2018 0:00,60798
12/18/2018 0:00,60730
12/17/2018 0:00,60802
12/16/2018 0:00,60834
12/15/2018 0:00,60811
12/14/2018 0:00,60965
12/13/2018 0:00,60932
12/12/2018 0:00,60878
12/11/2018 0:00,60891
12/10/2018 0:00,60891
12/9/2018 0:00,60921
12/8/2018 0:00,60999
12/7/2018 0:00,61029
12/6/2018 0:00,61084
12/5/2018 0:00,61019
12/4/2018 0:00,61059
12/3/2018 0:00,61003
12/2/2018 0:00,60995
12/1/2018 0:00,61079
11/30/2018 0:00,61204
11/29/2018 0:00,61251
11/28/2018 0:00,61189
11/27/2018 0:00,61155
11/26/2018 0:00,61115
11/25/2018 0:00,61137
11/24/2018 0:00,61186
11/23/2018 0:00,61254
11/22/2018 0:00,61248
11/21/2018 0:00,61227
11/20/2018 0:00,61288
11/19/2018 0:00,61227
11/18/2018 0:00,61167
11/17/2018 0:00,61173
11/16/2018 0:00,61298
11/15/2018 0:00,61291
11/14/2018 0:00,61196
11/13/2018 0:00,61255
11/12/2018 0:00,61279
11/11/2018 0:00,61415
11/10/2018 0:00,61328
11/9/2018 0:00,61164
11/8/2018 0:00,61113
11/7/2018 0:00,60967
11/6/2018 0:00,61033
11/5/2018 0:00,60907
11/4/2018 0:00,60692
11/3/2018 0:00,60644
11/2/2018 0:00,60734
11/1/2018 0:00,60717
10/31/2018 0:00,60570
10/30/2018 0:00,60488
10/29/2018 0:00,60450
10/28/2018 0:00,60442
10/27/2018 0:00,60466
10/26/2018 0:00,60562
10/25/2018 0:00,60644
10/24/2018 0:00,60602
10/23/2018 0:00,60521
10/22/2018 0:00,60720
10/21/2018 0:00,60726
10/20/2018 0:00,60779
10/19/2018 0:00,60887
10/18/2018 0:00,60949
10/17/2018 0:00,61022
10/16/2018 0:00,60978
10/15/2018 0:00,61005
10/14/2018 0:00,60924
10/13/2018 0:00,60902
10/12/2018 0:00,61162
10/11/2018 0:00,61104
10/10/2018 0:00,61048
10/9/2018 0:00,61065
10/8/2018 0:00,61085
10/7/2018 0:00,60879
10/6/2018 0:00,60936
10/5/2018 0:00,61061
10/4/2018 0:00,61074
10/3/2018 0:00,60955
10/2/2018 0:00,60847
10/1/2018 0:00,60813
9/30/2018 0:00,60719
9/29/2018 0:00,60793
9/28/2018 0:00,60992
9/27/2018 0:00,60934
9/26/2018 0:00,60911
9/25/2018 0:00,60870
9/24/2018 0:00,60777
9/23/2018 0:00,60834
9/22/2018 0:00,60946
9/21/2018 0:00,60990
9/20/2018 0:00,60984
9/19/2018 0:00,61043
9/18/2018 0:00,61013
9/17/2018 0:00,61083
9/16/2018 0:00,61032
9/15/2018 0:00,61083
9/14/2018 0:00,61052
9/13/2018 0:00,61174
9/12/2018 0:00,61108
9/11/2018 0:00,61064
9/10/2018 0:00,61018
9/9/2018 0:00,60927
9/8/2018 0:00,60871
9/7/2018 0:00,61062
9/6/2018 0:00,61049
9/5/2018 0:00,60847
9/4/2018 0:00,60878
9/3/2018 0:00,60845
9/2/2018 0:00,60797
9/1/2018 0:00,60736
8/31/2018 0:00,60796
8/30/2018 0:00,60868
8/29/2018 0:00,60856
8/28/2018 0:00,60893
8/27/2018 0:00,60957
8/26/2018 0:00,60907
8/25/2018 0:00,60889
8/24/2018 0:00,60896
8/23/2018 0:00,60959
8/22/2018 0:00,60877
8/21/2018 0:00,60866
8/20/2018 0:00,60940
8/19/2018 0:00,60862
8/18/2018 0:00,60876
8/17/2018 0:00,60919
8/16/2018 0:00,61003
8/15/2018 0:00,60918
8/14/2018 0:00,60967
8/13/2018 0:00,60961
8/12/2018 0:00,60894
8/11/2018 0:00,60807
8/10/2018 0:00,60798
8/9/2018 0:00,60834
8/8/2018 0:00,60779
8/7/2018 0:00,60733
8/6/2018 0:00,60657
8/5/2018 0:00,60657
8/4/2018 0:00,60699
8/3/2018 0:00,60587
8/2/2018 0:00,60523
8/1/2018 0:00,60391
7/31/2018 0:00,60440
7/30/2018 0:00,60394
7/29/2018 0:00,60458
7/28/2018 0:00,60669
7/27/2018 0:00,60734
7/26/2018 0:00,60757
7/25/2018 0:00,60719
7/24/2018 0:00,60670
7/23/2018 0:00,60586
7/22/2018 0:00,60551
7/21/2018 0:00,60468
7/20/2018 0:00,60505
7/19/2018 0:00,60437
7/18/2018 0:00,60351
7/17/2018 0:00,60280
7/16/2018 0:00,60153
7/15/2018 0:00,60088
7/14/2018 0:00,60240
7/13/2018 0:00,60309
7/12/2018 0:00,60169
7/11/2018 0:00,60094
7/10/2018 0:00,60107
7/9/2018 0:00,59891
7/8/2018 0:00,59785
7/7/2018 0:00,59747
7/6/2018 0:00,59815
7/5/2018 0:00,59779
7/4/2018 0:00,59788
7/3/2018 0:00,59777
7/2/2018 0:00,59604
7/1/2018 0:00,59626
6/30/2018 0:00,59814
6/29/2018 0:00,59843
6/28/2018 0:00,59660
6/27/2018 0:00,59834
6/26/2018 0:00,59861
6/25/2018 0:00,59629
6/24/2018 0:00,59646
6/23/2018 0:00,59744
6/22/2018 0:00,59776
6/21/2018 0:00,59555
6/20/2018 0:00,59702
6/19/2018 0:00,59592
6/18/2018 0:00,59446
6/17/2018 0:00,59409
6/16/2018 0:00,59485
6/15/2018 0:00,59507
6/14/2018 0:00,59295
6/13/2018 0:00,59256
6/12/2018 0:00,59300
6/11/2018 0:00,59256
6/10/2018 0:00,59169
6/9/2018 0:00,59238
6/8/2018 0:00,59217
6/7/2018 0:00,59263
6/6/2018 0:00,59116
6/5/2018 0:00,59088
6/4/2018 0:00,58928
6/3/2018 0:00,58840
6/2/2018 0:00,58863
6/1/2018 0:00,58869
5/31/2018 0:00,58952
5/30/2018 0:00,58961
5/29/2018 0:00,59021
5/28/2018 0:00,58904
5/27/2018 0:00,58929
5/26/2018 0:00,59008
5/25/2018 0:00,59102
5/24/2018 0:00,58962
5/23/2018 0:00,58892
5/22/2018 0:00,58936
5/21/2018 0:00,58870
5/20/2018 0:00,58822
5/19/2018 0:00,59025
5/18/2018 0:00,59060
5/17/2018 0:00,58936
5/16/2018 0:00,58958
5/15/2018 0:00,59015
5/14/2018 0:00,58887
5/13/2018 0:00,58861
5/12/2018 0:00,58964
5/11/2018 0:00,59046
5/10/2018 0:00,59010
5/9/2018 0:00,59056
5/8/2018 0:00,59065
5/7/2018 0:00,58908
5/6/2018 0:00,58873
5/5/2018 0:00,59051
5/4/2018 0:00,58978
5/3/2018 0:00,59052
5/2/2018 0:00,59018
5/1/2018 0:00,58950
4/30/2018 0:00,58727
4/29/2018 0:00,58755
4/28/2018 0:00,58976
4/27/2018 0:00,58773
4/26/2018 0:00,58663
4/25/2018 0:00,58822
4/24/2018 0:00,58723
4/23/2018 0:00,58576
4/22/2018 0:00,58623
4/21/2018 0:00,58714
4/20/2018 0:00,58790
4/19/2018 0:00,58807
4/18/2018 0:00,58985
4/17/2018 0:00,58904
4/16/2018 0:00,58732
4/15/2018 0:00,58710
4/14/2018 0:00,58834
4/13/2018 0:00,58823
4/12/2018 0:00,58722
4/11/2018 0:00,58726
4/10/2018 0:00,58910
4/9/2018 0:00,58757
4/8/2018 0:00,58706
4/7/2018 0:00,58759
4/6/2018 0:00,58787
4/5/2018 0:00,58716
4/4/2018 0:00,58846
4/3/2018 0:00,58805
4/2/2018 0:00,58645
4/1/2018 0:00,58693
3/31/2018 0:00,58786
3/30/2018 0:00,58900
3/29/2018 0:00,58946
3/28/2018 0:00,58972
3/27/2018 0:00,58878
3/26/2018 0:00,58848
3/25/2018 0:00,58890
3/24/2018 0:00,59049
3/23/2018 0:00,59118
3/22/2018 0:00,59146
3/21/2018 0:00,59031
3/20/2018 0:00,59158
3/19/2018 0:00,59177
3/18/2018 0:00,59363
3/17/2018 0:00,59439
3/16/2018 0:00,59474
3/15/2018 0:00,59317
3/14/2018 0:00,59231
3/13/2018 0:00,59279
3/12/2018 0:00,59172
3/11/2018 0:00,59177
3/10/2018 0:00,59367
3/9/2018 0:00,59345
3/8/2018 0:00,59261
3/7/2018 0:00,59284
3/6/2018 0:00,59248
3/5/2018 0:00,59135
3/4/2018 0:00,59255
3/3/2018 0:00,59352
3/2/2018 0:00,59465
3/1/2018 0:00,59508
2/28/2018 0:00,59587
2/27/2018 0:00,59568
2/26/2018 0:00,59536
2/25/2018 0:00,59604
2/24/2018 0:00,59651
2/23/2018 0:00,59638
2/22/2018 0:00,59546
2/21/2018 0:00,59701
2/20/2018 0:00,59617
2/19/2018 0:00,59612
2/18/2018 0:00,59626
2/17/2018 0:00,59745
2/16/2018 0:00,59765
2/15/2018 0:00,59801
2/14/2018 0:00,59769
2/13/2018 0:00,59766
2/12/2018 0:00,59622
2/11/2018 0:00,59739
2/10/2018 0:00,59932
2/9/2018 0:00,59933
2/8/2018 0:00,59899
2/7/2018 0:00,59910
2/6/2018 0:00,59751
2/5/2018 0:00,59745
2/4/2018 0:00,59813
2/3/2018 0:00,59790
2/2/2018 0:00,59831
2/1/2018 0:00,59892
1/31/2018 0:00,59829
1/30/2018 0:00,59731
1/29/2018 0:00,59735
1/28/2018 0:00,59980
1/27/2018 0:00,60058
1/26/2018 0:00,60089
1/25/2018 0:00,60133
1/24/2018 0:00,60138
1/23/2018 0:00,60053
1/22/2018 0:00,60232
1/21/2018 0:00,60366
1/20/2018 0:00,60529
1/19/2018 0:00,60421
1/18/2018 0:00,60355
1/17/2018 0:00,60381
1/16/2018 0:00,60312
1/15/2018 0:00,60318
1/14/2018 0:00,60425
1/13/2018 0:00,60336
1/12/2018 0:00,60302
1/11/2018 0:00,60449
1/10/2018 0:00,60416
1/9/2018 0:00,60282
1/8/2018 0:00,60355
1/7/2018 0:00,60506
1/6/2018 0:00,60488
1/5/2018 0:00,60394
1/4/2018 0:00,60419
1/3/2018 0:00,60363
1/2/2018 0:00,60284
1/1/2018 0:00,60423
12/31/2017 0:00,60384
12/30/2017 0:00,60443
12/29/2017 0:00,60457
12/28/2017 0:00,60470
12/27/2017 0:00,60427
12/26/2017 0:00,60366
12/25/2017 0:00,60478
12/24/2017 0:00,60570
12/23/2017 0:00,60472
12/22/2017 0:00,60529
12/21/2017 0:00,60552
12/20/2017 0:00,60561
12/19/2017 0:00,60486
12/18/2017 0:00,60593
12/17/2017 0:00,60775
12/16/2017 0:00,60755
12/15/2017 0:00,60760
12/14/2017 0:00,60754
12/13/2017 0:00,60792
12/12/2017 0:00,60716
12/11/2017 0:00,60926
12/10/2017 0:00,60971
12/9/2017 0:00,61075
12/8/2017 0:00,61002
12/7/2017 0:00,61025
12/6/2017 0:00,61025
12/5/2017 0:00,61002
12/4/2017 0:00,60950
12/3/2017 0:00,61029
12/2/2017 0:00,61038
12/1/2017 0:00,60915
11/30/2017 0:00,60903
11/29/2017 0:00,60861
11/28/2017 0:00,60797
11/27/2017 0:00,60843
11/26/2017 0:00,60845
11/25/2017 0:00,60795
11/24/2017 0:00,60732
11/23/2017 0:00,60647
11/22/2017 0:00,60703
11/21/2017 0:00,60630
11/20/2017 0:00,60537
11/19/2017 0:00,60560
11/18/2017 0:00,60531
11/17/2017 0:00,60441
11/16/2017 0:00,60480
11/15/2017 0:00,60401
11/14/2017 0:00,60177
11/13/2017 0:00,60213
11/12/2017 0:00,60296
11/11/2017 0:00,60108
11/10/2017 0:00,60044
11/9/2017 0:00,60160
11/8/2017 0:00,60092
11/7/2017 0:00,59892
11/6/2017 0:00,59920
11/5/2017 0:00,60097
11/4/2017 0:00,59843
11/3/2017 0:00,60126
11/2/2017 0:00,60099
11/1/2017 0:00,59933
10/31/2017 0:00,60017
10/30/2017 0:00,60050
10/29/2017 0:00,60079
10/28/2017 0:00,60033
10/27/2017 0:00,60228
10/26/2017 0:00,60286
10/25/2017 0:00,60207
10/24/2017 0:00,60176
10/23/2017 0:00,60308
10/22/2017 0:00,60383
10/21/2017 0:00,60359
10/20/2017 0:00,60358
10/19/2017 0:00,60480
10/18/2017 0:00,60509
10/17/2017 0:00,60447
10/16/2017 0:00,60585
10/15/2017 0:00,60593
10/14/2017 0:00,60510
10/13/2017 0:00,60451
10/12/2017 0:00,60508
10/11/2017 0:00,60369
10/10/2017 0:00,60341
10/9/2017 0:00,60452
10/8/2017 0:00,60535
10/7/2017 0:00,60331
10/6/2017 0:00,60348
10/5/2017 0:00,60288
10/4/2017 0:00,60164
10/3/2017 0:00,60149
10/2/2017 0:00,60230
10/1/2017 0:00,60375
9/30/2017 0:00,60341
9/29/2017 0:00,60279
9/28/2017 0:00,60179
9/27/2017 0:00,60113
9/26/2017 0:00,60261
9/25/2017 0:00,60215
9/24/2017 0:00,60316
9/23/2017 0:00,60368
9/22/2017 0:00,60363
9/21/2017 0:00,60208
9/20/2017 0:00,60163
9/19/2017 0:00,60381
9/18/2017 0:00,60352
9/17/2017 0:00,60325
9/16/2017 0:00,60305
9/15/2017 0:00,60287
9/14/2017 0:00,60078
9/13/2017 0:00,60248
9/12/2017 0:00,60218
9/11/2017 0:00,60279
9/10/2017 0:00,60217
9/9/2017 0:00,60265
9/8/2017 0:00,60066
9/7/2017 0:00,59993
9/6/2017 0:00,60109
9/5/2017 0:00,60178
9/4/2017 0:00,60351
9/3/2017 0:00,60310
9/2/2017 0:00,60182
9/1/2017 0:00,60216
8/31/2017 0:00,60457
8/30/2017 0:00,60452
8/29/2017 0:00,60381
8/28/2017 0:00,60358
8/27/2017 0:00,60537
8/26/2017 0:00,60519
8/25/2017 0:00,60447
8/24/2017 0:00,60525
8/23/2017 0:00,60525
8/22/2017 0:00,60305
8/21/2017 0:00,60436
8/20/2017 0:00,60335
8/19/2017 0:00,60147
8/18/2017 0:00,60317
8/17/2017 0:00,60334
8/16/2017 0:00,60350
8/15/2017 0:00,60237
8/14/2017 0:00,60089
8/13/2017 0:00,60010
8/12/2017 0:00,59885
8/11/2017 0:00,60050
8/10/2017 0:00,60051
8/9/2017 0:00,60214
8/8/2017 0:00,60148
8/7/2017 0:00,60045
8/6/2017 0:00,60097
8/5/2017 0:00,59889
8/4/2017 0:00,59922
8/3/2017 0:00,60143
8/2/2017 0:00,60094
8/1/2017 0:00,60056
7/31/2017 0:00,60021
7/30/2017 0:00,60111
7/29/2017 0:00,60114
7/28/2017 0:00,60040
7/27/2017 0:00,60116
7/26/2017 0:00,60019
7/25/2017 0:00,59966
7/24/2017 0:00,59882
7/23/2017 0:00,59971
7/22/2017 0:00,59835
7/21/2017 0:00,59811
7/20/2017 0:00,59863
7/19/2017 0:00,59812
7/18/2017 0:00,59775
7/17/2017 0:00,59832
7/16/2017 0:00,59625
7/15/2017 0:00,59530
7/14/2017 0:00,59597
7/13/2017 0:00,59575
7/12/2017 0:00,59514
7/11/2017 0:00,59556
7/10/2017 0:00,59401
7/9/2017 0:00,59480
7/8/2017 0:00,59271
7/7/2017 0:00,59352
7/6/2017 0:00,59502
7/5/2017 0:00,59512
7/4/2017 0:00,59311
7/3/2017 0:00,59271
7/2/2017 0:00,59103
7/1/2017 0:00,59027
6/30/2017 0:00,59112
6/29/2017 0:00,59126
6/28/2017 0:00,59071
6/27/2017 0:00,58992
6/26/2017 0:00,59052
6/25/2017 0:00,58957
6/24/2017 0:00,58802
6/23/2017 0:00,58876
6/22/2017 0:00,58945
6/21/2017 0:00,59114
6/20/2017 0:00,58975
6/19/2017 0:00,58979
6/18/2017 0:00,58916
6/17/2017 0:00,58752
6/16/2017 0:00,58733
6/15/2017 0:00,58836
6/14/2017 0:00,58675
6/13/2017 0:00,58728
6/12/2017 0:00,58803
6/11/2017 0:00,58765
6/10/2017 0:00,58562
6/9/2017 0:00,58519
6/8/2017 0:00,58528
6/7/2017 0:00,58448
6/6/2017 0:00,58365
6/5/2017 0:00,58574
6/4/2017 0:00,58553
6/3/2017 0:00,58491
6/2/2017 0:00,58513
6/1/2017 0:00,58595
5/31/2017 0:00,58575
5/30/2017 0:00,58515
5/29/2017 0:00,58491
5/28/2017 0:00,58490
5/27/2017 0:00,58450
5/26/2017 0:00,58438
5/25/2017 0:00,58498
5/24/2017 0:00,58482
5/23/2017 0:00,58417
5/22/2017 0:00,58483
5/21/2017 0:00,58479
5/20/2017 0:00,58376
5/19/2017 0:00,58356
5/18/2017 0:00,58257
5/17/2017 0:00,58319
5/16/2017 0:00,58271
5/15/2017 0:00,58273
5/14/2017 0:00,58250
5/13/2017 0:00,58157
5/12/2017 0:00,58153
5/11/2017 0:00,58160
5/10/2017 0:00,58128
5/9/2017 0:00,57937
5/8/2017 0:00,58101
5/7/2017 0:00,58134
5/6/2017 0:00,58141
5/5/2017 0:00,58159
5/4/2017 0:00,58371
5/3/2017 0:00,58369
5/2/2017 0:00,58351
5/1/2017 0:00,58273
4/30/2017 0:00,58290
4/29/2017 0:00,58245
4/28/2017 0:00,58218
4/27/2017 0:00,58404
4/26/2017 0:00,58284
4/25/2017 0:00,58180
4/24/2017 0:00,58195
4/23/2017 0:00,58250
4/22/2017 0:00,58264
4/21/2017 0:00,58168
4/20/2017 0:00,58238
4/19/2017 0:00,58257
4/18/2017 0:00,58210
4/17/2017 0:00,58298
4/16/2017 0:00,58381
4/15/2017 0:00,58463
4/14/2017 0:00,58302
4/13/2017 0:00,58474
4/12/2017 0:00,58349
4/11/2017 0:00,58200
4/10/2017 0:00,58322
4/9/2017 0:00,58261
4/8/2017 0:00,58412
4/7/2017 0:00,58505
4/6/2017 0:00,58550
4/5/2017 0:00,58541
4/4/2017 0:00,58581
4/3/2017 0:00,58716
4/2/2017 0:00,58703
4/1/2017 0:00,58693
3/31/2017 0:00,58621
3/30/2017 0:00,58667
3/29/2017 0:00,58809
3/28/2017 0:00,58634
3/27/2017 0:00,58619
3/26/2017 0:00,58695
3/25/2017 0:00,58646
3/24/2017 0:00,58750
3/23/2017 0:00,58745
3/22/2017 0:00,58721
3/21/2017 0:00,58753
3/20/2017 0:00,58644
3/19/2017 0:00,58506
3/18/2017 0:00,58543
3/17/2017 0:00,58704
3/16/2017 0:00,58803
3/15/2017 0:00,58702
3/14/2017 0:00,58892
3/13/2017 0:00,58878
3/12/2017 0:00,58756
3/11/2017 0:00,58927
3/10/2017 0:00,59059
3/9/2017 0:00,59011
3/8/2017 0:00,59038
3/7/2017 0:00,59051
3/6/2017 0:00,59031
3/5/2017 0:00,58927
3/4/2017 0:00,58860
3/3/2017 0:00,58930
3/2/2017 0:00,58921
3/1/2017 0:00,58835
2/28/2017 0:00,58793
2/27/2017 0:00,58869
2/26/2017 0:00,58918
2/25/2017 0:00,58872
2/24/2017 0:00,58790
2/23/2017 0:00,58803
2/22/2017 0:00,58881
2/21/2017 0:00,58965
2/20/2017 0:00,58963
2/19/2017 0:00,58983
2/18/2017 0:00,58793
2/17/2017 0:00,58774
2/16/2017 0:00,59042
2/15/2017 0:00,59240
2/14/2017 0:00,59244
2/13/2017 0:00,59253
2/12/2017 0:00,59355
2/11/2017 0:00,59244
2/10/2017 0:00,59158
2/9/2017 0:00,59281
2/8/2017 0:00,59404
2/7/2017 0:00,59377
2/6/2017 0:00,59374
2/5/2017 0:00,59537
2/4/2017 0:00,59489
2/3/2017 0:00,59464
2/2/2017 0:00,59686
2/1/2017 0:00,59760
1/31/2017 0:00,59830
1/30/2017 0:00,59860
1/29/2017 0:00,59851
1/28/2017 0:00,59582
1/27/2017 0:00,59630
1/26/2017 0:00,59597
1/25/2017 0:00,59793
1/24/2017 0:00,59735
1/23/2017 0:00,59842
1/22/2017 0:00,59910
1/21/2017 0:00,59758
1/20/2017 0:00,59738
1/19/2017 0:00,59757
1/18/2017 0:00,59794
1/17/2017 0:00,59830
1/16/2017 0:00,59909
1/15/2017 0:00,59997
1/14/2017 0:00,59944
1/13/2017 0:00,59866
1/12/2017 0:00,59843
1/11/2017 0:00,59955
1/10/2017 0:00,59972
1/9/2017 0:00,60061
1/8/2017 0:00,60048
1/7/2017 0:00,59966
1/6/2017 0:00,59976
1/5/2017 0:00,60033
1/4/2017 0:00,60105
1/3/2017 0:00,60126
1/2/2017 0:00,60155
1/1/2017 0:00,60097
12/31/2016 0:00,60111
12/30/2016 0:00,60076
12/29/2016 0:00,60198
12/28/2016 0:00,60311
12/27/2016 0:00,60198
12/26/2016 0:00,60179
12/25/2016 0:00,60330
12/24/2016 0:00,60229
12/23/2016 0:00,60112
12/22/2016 0:00,60073
12/21/2016 0:00,60109
12/20/2016 0:00,60183
12/19/2016 0:00,60321
12/18/2016 0:00,60403
12/17/2016 0:00,60309
12/16/2016 0:00,60246
12/15/2016 0:00,60334
12/14/2016 0:00,60424
12/13/2016 0:00,60226
12/12/2016 0:00,60240
12/11/2016 0:00,60275
12/10/2016 0:00,60306
12/9/2016 0:00,60115
12/8/2016 0:00,60188
12/7/2016 0:00,60198
12/6/2016 0:00,60259
12/5/2016 0:00,60244
12/4/2016 0:00,60248
12/3/2016 0:00,60237
12/2/2016 0:00,60373
12/1/2016 0:00,60249
11/30/2016 0:00,60215
11/29/2016 0:00,60091
11/28/2016 0:00,60150
11/27/2016 0:00,60041
11/26/2016 0:00,60022
11/25/2016 0:00,60056
11/24/2016 0:00,59895
11/23/2016 0:00,59644
11/22/2016 0:00,59943
11/21/2016 0:00,60141
11/20/2016 0:00,60187
11/19/2016 0:00,60115
11/18/2016 0:00,60106
11/17/2016 0:00,60080
11/16/2016 0:00,59972
11/15/2016 0:00,60172
11/14/2016 0:00,60313
11/13/2016 0:00,60382
11/12/2016 0:00,60401
11/11/2016 0:00,60494
11/10/2016 0:00,60434
11/9/2016 0:00,60447
11/8/2016 0:00,60552
11/7/2016 0:00,60688
11/6/2016 0:00,60662
11/5/2016 0:00,60581
11/4/2016 0:00,60480
11/3/2016 0:00,60384
11/2/2016 0:00,60449
11/1/2016 0:00,60531
10/31/2016 0:00,60623
10/30/2016 0:00,60702
10/29/2016 0:00,60667
10/28/2016 0:00,60686
10/27/2016 0:00,60671
10/26/2016 0:00,60488
10/25/2016 0:00,60563
10/24/2016 0:00,60567
10/23/2016 0:00,60579
10/22/2016 0:00,60553
10/21/2016 0:00,60602
10/20/2016 0:00,60582
10/19/2016 0:00,60504
10/18/2016 0:00,60484
10/17/2016 0:00,60577
10/16/2016 0:00,60504
10/15/2016 0:00,60507
10/14/2016 0:00,60445
10/13/2016 0:00,60424
10/12/2016 0:00,60318
10/11/2016 0:00,60608
10/10/2016 0:00,60709
10/9/2016 0:00,60667
10/8/2016 0:00,60588
10/7/2016 0:00,60674
10/6/2016 0:00,60699
10/5/2016 0:00,60579
10/4/2016 0:00,60578
10/3/2016 0:00,60569
10/2/2016 0:00,60540
10/1/2016 0:00,60373
9/30/2016 0:00,60418
9/29/2016 0:00,60399
9/28/2016 0:00,60272
9/27/2016 0:00,60253
9/26/2016 0:00,60283
9/25/2016 0:00,60231
9/24/2016 0:00,60252
9/23/2016 0:00,60252
9/22/2016 0:00,60243
9/21/2016 0:00,60133
9/20/2016 0:00,60180
9/19/2016 0:00,60233
9/18/2016 0:00,60127
9/17/2016 0:00,60098
9/16/2016 0:00,59898
9/15/2016 0:00,59917
9/14/2016 0:00,59830
9/13/2016 0:00,59807
9/12/2016 0:00,60059
9/11/2016 0:00,60030
9/10/2016 0:00,60017
9/9/2016 0:00,59964
9/8/2016 0:00,59993
9/7/2016 0:00,59888
9/6/2016 0:00,59966
9/5/2016 0:00,59999
9/4/2016 0:00,59962
9/3/2016 0:00,59940
9/2/2016 0:00,59908
9/1/2016 0:00,59887
8/31/2016 0:00,59727
8/30/2016 0:00,59784
8/29/2016 0:00,59928
8/28/2016 0:00,59816
8/27/2016 0:00,59874
8/26/2016 0:00,59791
8/25/2016 0:00,59887
8/24/2016 0:00,59718
8/23/2016 0:00,59770
8/22/2016 0:00,59918
8/21/2016 0:00,59948
8/20/2016 0:00,59784
8/19/2016 0:00,59939
8/18/2016 0:00,59857
8/17/2016 0:00,59624
8/16/2016 0:00,59787
8/15/2016 0:00,59763
8/14/2016 0:00,59853
8/13/2016 0:00,59786
8/12/2016 0:00,59734
8/11/2016 0:00,59698
8/10/2016 0:00,59660
8/9/2016 0:00,59609
8/8/2016 0:00,59662
8/7/2016 0:00,59548
8/6/2016 0:00,59527
8/5/2016 0:00,59504
8/4/2016 0:00,59463
8/3/2016 0:00,59323
8/2/2016 0:00,59413
8/1/2016 0:00,59279
7/31/2016 0:00,59321
7/30/2016 0:00,59295
7/29/2016 0:00,59295
7/28/2016 0:00,59267
7/27/2016 0:00,59303
7/26/2016 0:00,59312
7/25/2016 0:00,59481
7/24/2016 0:00,59477
7/23/2016 0:00,59337
7/22/2016 0:00,59335
7/21/2016 0:00,59237
7/20/2016 0:00,59212
7/19/2016 0:00,59260
7/18/2016 0:00,59314
7/17/2016 0:00,59373
7/16/2016 0:00,59365
7/15/2016 0:00,59318
7/14/2016 0:00,59266
7/13/2016 0:00,59018
7/12/2016 0:00,59016
7/11/2016 0:00,59124
7/10/2016 0:00,59163
7/9/2016 0:00,59074
7/8/2016 0:00,59210
7/7/2016 0:00,59088
7/6/2016 0:00,58935
7/5/2016 0:00,59063
7/4/2016 0:00,59108
7/3/2016 0:00,58959
7/2/2016 0:00,58940
7/1/2016 0:00,58917
6/30/2016 0:00,58861
6/29/2016 0:00,58622
6/28/2016 0:00,58502
6/27/2016 0:00,58665
6/26/2016 0:00,58508
6/25/2016 0:00,58501
6/24/2016 0:00,58526
6/23/2016 0:00,58546
6/22/2016 0:00,58337
6/21/2016 0:00,58280
6/20/2016 0:00,58347
6/19/2016 0:00,58391
6/18/2016 0:00,58411
6/17/2016 0:00,58357
6/16/2016 0:00,58279
6/15/2016 0:00,58274
6/14/2016 0:00,58430
6/13/2016 0:00,58328
6/12/2016 0:00,58243
6/11/2016 0:00,58480
6/10/2016 0:00,58318
6/9/2016 0:00,58214
6/8/2016 0:00,58199
6/7/2016 0:00,58171
6/6/2016 0:00,57997
6/5/2016 0:00,57999
6/4/2016 0:00,57957
6/3/2016 0:00,57918
6/2/2016 0:00,57791
6/1/2016 0:00,57742
5/31/2016 0:00,57791
5/30/2016 0:00,57705
5/29/2016 0:00,57737
5/28/2016 0:00,57689
5/27/2016 0:00,57564
5/26/2016 0:00,57348
5/25/2016 0:00,57440
5/24/2016 0:00,57787
5/23/2016 0:00,57779
5/22/2016 0:00,57740
5/21/2016 0:00,57759
5/20/2016 0:00,57634
5/19/2016 0:00,57502
5/18/2016 0:00,57733
5/17/2016 0:00,57794
5/16/2016 0:00,57787
5/15/2016 0:00,57839
5/14/2016 0:00,57924
5/13/2016 0:00,57873
5/12/2016 0:00,57779
5/11/2016 0:00,57893
5/10/2016 0:00,57962
5/9/2016 0:00,57923
5/8/2016 0:00,57908
5/7/2016 0:00,57912
5/6/2016 0:00,57871
5/5/2016 0:00,57692
5/4/2016 0:00,57691
5/3/2016 0:00,57957
5/2/2016 0:00,57913
5/1/2016 0:00,57774
4/30/2016 0:00,57839
4/29/2016 0:00,57853
4/28/2016 0:00,57620
4/27/2016 0:00,57619
4/26/2016 0:00,57738
4/25/2016 0:00,57641
4/24/2016 0:00,57644
4/23/2016 0:00,57636
4/22/2016 0:00,57476
4/21/2016 0:00,57601
4/20/2016 0:00,57744
4/19/2016 0:00,57830
4/18/2016 0:00,57862
4/17/2016 0:00,57968
4/16/2016 0:00,57908
4/15/2016 0:00,57809
4/14/2016 0:00,57915
4/13/2016 0:00,58038
4/12/2016 0:00,58161
4/11/2016 0:00,58050
4/10/2016 0:00,58060
4/9/2016 0:00,57894
4/8/2016 0:00,57783
4/7/2016 0:00,57880
4/6/2016 0:00,57848
4/5/2016 0:00,57811
4/4/2016 0:00,57855
4/3/2016 0:00,58003
4/2/2016 0:00,58003
4/1/2016 0:00,57870
3/31/2016 0:00,57993
3/30/2016 0:00,58057
3/29/2016 0:00,58102
3/28/2016 0:00,58059
3/27/2016 0:00,58004
3/26/2016 0:00,58015
3/25/2016 0:00,57793
3/24/2016 0:00,57815
3/23/2016 0:00,58118
3/22/2016 0:00,57840
3/21/2016 0:00,57753
3/20/2016 0:00,57653
3/19/2016 0:00,57711
3/18/2016 0:00,57845
3/17/2016 0:00,57860
3/16/2016 0:00,57867
3/15/2016 0:00,57921
3/14/2016 0:00,57816
3/13/2016 0:00,57744
3/12/2016 0:00,57803
3/11/2016 0:00,57937
3/10/2016 0:00,57952
3/9/2016 0:00,57996
3/8/2016 0:00,57994
3/7/2016 0:00,57785
3/6/2016 0:00,57706
3/5/2016 0:00,57805
3/4/2016 0:00,57977
3/3/2016 0:00,57900
3/2/2016 0:00,57850
3/1/2016 0:00,57918
2/29/2016 0:00,57767
2/28/2016 0:00,57527
2/27/2016 0:00,57493
2/26/2016 0:00,57761
2/25/2016 0:00,57823
2/24/2016 0:00,57806
2/23/2016 0:00,57830
2/22/2016 0:00,57737
2/21/2016 0:00,57707
2/20/2016 0:00,57673
2/19/2016 0:00,57846
2/18/2016 0:00,57867
2/17/2016 0:00,57805
2/16/2016 0:00,57977
2/15/2016 0:00,57872
2/14/2016 0:00,57712
2/13/2016 0:00,57745
2/12/2016 0:00,57821
2/11/2016 0:00,57850
2/10/2016 0:00,57811
2/9/2016 0:00,57821
2/8/2016 0:00,57705
2/7/2016 0:00,57592
2/6/2016 0:00,57714
2/5/2016 0:00,57915
2/4/2016 0:00,57941
2/3/2016 0:00,57974
2/2/2016 0:00,58034
2/1/2016 0:00,57892
1/31/2016 0:00,57830
1/30/2016 0:00,57995
1/29/2016 0:00,58066
1/28/2016 0:00,58101
1/27/2016 0:00,58039
1/26/2016 0:00,58116
1/25/2016 0:00,58091
1/24/2016 0:00,58016
1/23/2016 0:00,58153
1/22/2016 0:00,58247
1/21/2016 0:00,58231
1/20/2016 0:00,58245
1/19/2016 0:00,58288
1/18/2016 0:00,58143
1/17/2016 0:00,58043
1/16/2016 0:00,58227
1/15/2016 0:00,58277
1/14/2016 0:00,58318
1/13/2016 0:00,58351
1/12/2016 0:00,58336
1/11/2016 0:00,58217
1/10/2016 0:00,58104
1/9/2016 0:00,58091
1/8/2016 0:00,58276
1/7/2016 0:00,58225
1/6/2016 0:00,58208
1/5/2016 0:00,58183
1/4/2016 0:00,58118
1/3/2016 0:00,58014
1/2/2016 0:00,58081
1/1/2016 0:00,58191
12/31/2015 0:00,58231
12/30/2015 0:00,58143
12/29/2015 0:00,58128
12/28/2015 0:00,58184
12/27/2015 0:00,58133
12/26/2015 0:00,58191
12/25/2015 0:00,58209
12/24/2015 0:00,58203
12/23/2015 0:00,58301
12/22/2015 0:00,58395
12/21/2015 0:00,58395
12/20/2015 0:00,58169
12/19/2015 0:00,58283
12/18/2015 0:00,57983
12/17/2015 0:00,58305
12/16/2015 0:00,58439
12/15/2015 0:00,58370
12/14/2015 0:00,58260
12/13/2015 0:00,58064
12/12/2015 0:00,58155
12/11/2015 0:00,58355
12/10/2015 0:00,58290
12/9/2015 0:00,58242
12/8/2015 0:00,58158
12/7/2015 0:00,58077
12/6/2015 0:00,57920
12/5/2015 0:00,58013
12/4/2015 0:00,58137
12/3/2015 0:00,58086
12/2/2015 0:00,58008
12/1/2015 0:00,57929
11/30/2015 0:00,57788
11/29/2015 0:00,57678
11/28/2015 0:00,57629
11/27/2015 0:00,57338
11/26/2015 0:00,57914
11/25/2015 0:00,57838
11/24/2015 0:00,57896
11/23/2015 0:00,57730
11/22/2015 0:00,57699
11/21/2015 0:00,57711
11/20/2015 0:00,57689
11/19/2015 0:00,57902
11/18/2015 0:00,57985
11/17/2015 0:00,58009
11/16/2015 0:00,57953
11/15/2015 0:00,57854
11/14/2015 0:00,57881
11/13/2015 0:00,58036
11/12/2015 0:00,58026
11/11/2015 0:00,57965
11/10/2015 0:00,57998
11/9/2015 0:00,57971
11/8/2015 0:00,57830
11/7/2015 0:00,57852
11/6/2015 0:00,58070
11/5/2015 0:00,57984
11/4/2015 0:00,57978
11/3/2015 0:00,57967
11/2/2015 0:00,57836
11/1/2015 0:00,57716
10/31/2015 0:00,57637
10/30/2015 0:00,57769
10/29/2015 0:00,57753
10/28/2015 0:00,57733
10/27/2015 0:00,57967
10/26/2015 0:00,57855
10/25/2015 0:00,57907
10/24/2015 0:00,57993
10/23/2015 0:00,57956
10/22/2015 0:00,57962
10/21/2015 0:00,57954
10/20/2015 0:00,58037
10/19/2015 0:00,57895
10/18/2015 0:00,57742
10/17/2015 0:00,57926
10/16/2015 0:00,57905
10/15/2015 0:00,57930
10/14/2015 0:00,57903
10/13/2015 0:00,57856
10/12/2015 0:00,57700
10/11/2015 0:00,57676
10/10/2015 0:00,57801
10/9/2015 0:00,57774
10/8/2015 0:00,57805
10/7/2015 0:00,57722
10/6/2015 0:00,57756
10/5/2015 0:00,57543
10/4/2015 0:00,57447
10/3/2015 0:00,57419
10/2/2015 0:00,57478
10/1/2015 0:00,57484
9/30/2015 0:00,57451
9/29/2015 0:00,57407
9/28/2015 0:00,57414
9/27/2015 0:00,57456
9/26/2015 0:00,57618
9/25/2015 0:00,57575
9/24/2015 0:00,57410
9/23/2015 0:00,57460
9/22/2015 0:00,57369
9/21/2015 0:00,57428
9/20/2015 0:00,57397
9/19/2015 0:00,57448
9/18/2015 0:00,57410
9/17/2015 0:00,57423
9/16/2015 0:00,57546
9/15/2015 0:00,57386
9/14/2015 0:00,57320
9/13/2015 0:00,57314
9/12/2015 0:00,57300
9/11/2015 0:00,57353
9/10/2015 0:00,57460
9/9/2015 0:00,57364
9/8/2015 0:00,57170
9/7/2015 0:00,57124
9/6/2015 0:00,57255
9/5/2015 0:00,57182
9/4/2015 0:00,57259
9/3/2015 0:00,57239
9/2/2015 0:00,57276
9/1/2015 0:00,57202
8/31/2015 0:00,57105
8/30/2015 0:00,57218
8/29/2015 0:00,57237
8/28/2015 0:00,57366
8/27/2015 0:00,57285
8/26/2015 0:00,57364
8/25/2015 0:00,57272
8/24/2015 0:00,57121
8/23/2015 0:00,57241
8/22/2015 0:00,57223
8/21/2015 0:00,57206
8/20/2015 0:00,57209
8/19/2015 0:00,57059
8/18/2015 0:00,57070
8/17/2015 0:00,57059
8/16/2015 0:00,57162
8/15/2015 0:00,57209
8/14/2015 0:00,57264
8/13/2015 0:00,57206
8/12/2015 0:00,57224
8/11/2015 0:00,57140
8/10/2015 0:00,56928
8/9/2015 0:00,57102
8/8/2015 0:00,57047
8/7/2015 0:00,56949
8/6/2015 0:00,56970
8/5/2015 0:00,56963
8/4/2015 0:00,56725
8/3/2015 0:00,56706
8/2/2015 0:00,56730
8/1/2015 0:00,56763
7/31/2015 0:00,56720
7/30/2015 0:00,56635
7/29/2015 0:00,56731
7/28/2015 0:00,56715
7/27/2015 0:00,56583
7/26/2015 0:00,56542
7/25/2015 0:00,56744
7/24/2015 0:00,56647
7/23/2015 0:00,56713
7/22/2015 0:00,56741
7/21/2015 0:00,56690
7/20/2015 0:00,56572
7/19/2015 0:00,56629
7/18/2015 0:00,56673
7/17/2015 0:00,56628
7/16/2015 0:00,56444
7/15/2015 0:00,56564
7/14/2015 0:00,56593
7/13/2015 0:00,56493
7/12/2015 0:00,56597
7/11/2015 0:00,56544
7/10/2015 0:00,56485
7/9/2015 0:00,56407
7/8/2015 0:00,56421
7/7/2015 0:00,56226
7/6/2015 0:00,56029
7/5/2015 0:00,56111
7/4/2015 0:00,56173
7/3/2015 0:00,56242
7/2/2015 0:00,56133
7/1/2015 0:00,56284
6/30/2015 0:00,56135
6/29/2015 0:00,55949
6/28/2015 0:00,55965
6/27/2015 0:00,56170
6/26/2015 0:00,56174
6/25/2015 0:00,56043
6/24/2015 0:00,56100
6/23/2015 0:00,56052
6/22/2015 0:00,55926
6/21/2015 0:00,55915
6/20/2015 0:00,55985
6/19/2015 0:00,56069
6/18/2015 0:00,56073
6/17/2015 0:00,56085
6/16/2015 0:00,56071
6/15/2015 0:00,55938
6/14/2015 0:00,56133
6/13/2015 0:00,56227
6/12/2015 0:00,56091
6/11/2015 0:00,55979
6/10/2015 0:00,55997
6/9/2015 0:00,55891
6/8/2015 0:00,55764
6/7/2015 0:00,55837
6/6/2015 0:00,55913
6/5/2015 0:00,55896
6/4/2015 0:00,55821
6/3/2015 0:00,55834
6/2/2015 0:00,55804
6/1/2015 0:00,55704
5/31/2015 0:00,55702
5/30/2015 0:00,55809
5/29/2015 0:00,55889
5/28/2015 0:00,55941
5/27/2015 0:00,55977
5/26/2015 0:00,55932
5/25/2015 0:00,55949
5/24/2015 0:00,56098
5/23/2015 0:00,56158
5/22/2015 0:00,56137
5/21/2015 0:00,56167
5/20/2015 0:00,56143
5/19/2015 0:00,56077
5/18/2015 0:00,56070
5/17/2015 0:00,56162
5/16/2015 0:00,56186
5/15/2015 0:00,56219
5/14/2015 0:00,56322
5/13/2015 0:00,56230
5/12/2015 0:00,56143
5/11/2015 0:00,56262
5/10/2015 0:00,56314
5/9/2015 0:00,56361
5/8/2015 0:00,56362
5/7/2015 0:00,56435
5/6/2015 0:00,56378
5/5/2015 0:00,56355
5/4/2015 0:00,56410
5/3/2015 0:00,56496
5/2/2015 0:00,56506
5/1/2015 0:00,56448
4/30/2015 0:00,56562
4/29/2015 0:00,56440
4/28/2015 0:00,56352
4/27/2015 0:00,56487
4/26/2015 0:00,56527
4/25/2015 0:00,56539
4/24/2015 0:00,56611
4/23/2015 0:00,56622
4/22/2015 0:00,56680
4/21/2015 0:00,56651
4/20/2015 0:00,56840
4/19/2015 0:00,56809
4/18/2015 0:00,56655
4/17/2015 0:00,56729
4/16/2015 0:00,56734
4/15/2015 0:00,56714
4/14/2015 0:00,56583
4/13/2015 0:00,56723
4/12/2015 0:00,56670
4/11/2015 0:00,56631
4/10/2015 0:00,56701
4/9/2015 0:00,56768
4/8/2015 0:00,56755
4/7/2015 0:00,56602
4/6/2015 0:00,56640
4/5/2015 0:00,56670
4/4/2015 0:00,56427
4/3/2015 0:00,56555
4/2/2015 0:00,56810
4/1/2015 0:00,56854
3/31/2015 0:00,56847
3/30/2015 0:00,56876
3/29/2015 0:00,56907
3/28/2015 0:00,56796
3/27/2015 0:00,56824
3/26/2015 0:00,56921
3/25/2015 0:00,56880
3/24/2015 0:00,56972
3/23/2015 0:00,56911
3/22/2015 0:00,56727
3/21/2015 0:00,56911
3/20/2015 0:00,57098
3/19/2015 0:00,57211
3/18/2015 0:00,57234
3/17/2015 0:00,57125
3/16/2015 0:00,57148
3/15/2015 0:00,56954
3/14/2015 0:00,57014
3/13/2015 0:00,57201
3/12/2015 0:00,57125
3/11/2015 0:00,57025
3/10/2015 0:00,57147
3/9/2015 0:00,57181
3/8/2015 0:00,57034
3/7/2015 0:00,57001
3/6/2015 0:00,57047
3/5/2015 0:00,57089
3/4/2015 0:00,57166
3/3/2015 0:00,57333
3/2/2015 0:00,57330
3/1/2015 0:00,57191
2/28/2015 0:00,57303
2/27/2015 0:00,57405
2/26/2015 0:00,57557
2/25/2015 0:00,57536
2/24/2015 0:00,57622
2/23/2015 0:00,57675
2/22/2015 0:00,57528
2/21/2015 0:00,57624
2/20/2015 0:00,57655
2/19/2015 0:00,57720
2/18/2015 0:00,57718
2/17/2015 0:00,57757
2/16/2015 0:00,57775
2/15/2015 0:00,57821
2/14/2015 0:00,57783
2/13/2015 0:00,58027
2/12/2015 0:00,57969
2/11/2015 0:00,57911
2/10/2015 0:00,57866
2/9/2015 0:00,57872
2/8/2015 0:00,57909
2/7/2015 0:00,57819
2/6/2015 0:00,57963
2/5/2015 0:00,57961
2/4/2015 0:00,57839
2/3/2015 0:00,57927
2/2/2015 0:00,57975
2/1/2015 0:00,58083
1/31/2015 0:00,58073
1/30/2015 0:00,58142
1/29/2015 0:00,58156
1/28/2015 0:00,58104
1/27/2015 0:00,58211
1/26/2015 0:00,58269
1/25/2015 0:00,58284
1/24/2015 0:00,58344
1/23/2015 0:00,58292
1/22/2015 0:00,58210
1/21/2015 0:00,58089
1/20/2015 0:00,58230
1/19/2015 0:00,58267
1/18/2015 0:00,58288
1/17/2015 0:00,58329
1/16/2015 0:00,58429
1/15/2015 0:00,58262
1/14/2015 0:00,58346
1/13/2015 0:00,58350
1/12/2015 0:00,58485
1/11/2015 0:00,58587
1/10/2015 0:00,58479
1/9/2015 0:00,58413
1/8/2015 0:00,58506
1/7/2015 0:00,58614
1/6/2015 0:00,58723
1/5/2015 0:00,58732
1/4/2015 0:00,58602
1/3/2015 0:00,58627
1/2/2015 0:00,58472
1/1/2015 0:00,58545
12/31/2014 0:00,58655
12/30/2014 0:00,58645
12/29/2014 0:00,58714
12/28/2014 0:00,58691
12/27/2014 0:00,58644
12/26/2014 0:00,58520
12/25/2014 0:00,58624
12/24/2014 0:00,58667
12/23/2014 0:00,58640
12/22/2014 0:00,58628
12/21/2014 0:00,58643
12/20/2014 0:00,58583
12/19/2014 0:00,58487
12/18/2014 0:00,58428
12/17/2014 0:00,58551
12/16/2014 0:00,58474
12/15/2014 0:00,58352
12/14/2014 0:00,58369
12/13/2014 0:00,58330
12/12/2014 0:00,58172
12/11/2014 0:00,58180
12/10/2014 0:00,58142
12/9/2014 0:00,57941
12/8/2014 0:00,58310
12/7/2014 0:00,58541
12/6/2014 0:00,58516
12/5/2014 0:00,58504
12/4/2014 0:00,58586
12/3/2014 0:00,58549
12/2/2014 0:00,58499
12/1/2014 0:00,58736
11/30/2014 0:00,58913
11/29/2014 0:00,58944
11/28/2014 0:00,58820
11/27/2014 0:00,58929
11/26/2014 0:00,59050
11/25/2014 0:00,59068
11/24/2014 0:00,58959
11/23/2014 0:00,59032
11/22/2014 0:00,59019
11/21/2014 0:00,58870
11/20/2014 0:00,58915
11/19/2014 0:00,58959
11/18/2014 0:00,58945
11/17/2014 0:00,58939
11/16/2014 0:00,58898
11/15/2014 0:00,58853
11/14/2014 0:00,58700
11/13/2014 0:00,58706
11/12/2014 0:00,58741
11/11/2014 0:00,58652
11/10/2014 0:00,58506
11/9/2014 0:00,58484
11/8/2014 0:00,58555
11/7/2014 0:00,58521
11/6/2014 0:00,58535
11/5/2014 0:00,58457
11/4/2014 0:00,58493
11/3/2014 0:00,58525
11/2/2014 0:00,58504
11/1/2014 0:00,58469
10/31/2014 0:00,58491
10/30/2014 0:00,58532
10/29/2014 0:00,58562
10/28/2014 0:00,58477
10/27/2014 0:00,58354
10/26/2014 0:00,58351
10/25/2014 0:00,58326
10/24/2014 0:00,58258
10/23/2014 0:00,58139
10/22/2014 0:00,58174
10/21/2014 0:00,58143
10/20/2014 0:00,58060
10/19/2014 0:00,58032
10/18/2014 0:00,58054
10/17/2014 0:00,57878
10/16/2014 0:00,57676
10/15/2014 0:00,57648
10/14/2014 0:00,57646
10/13/2014 0:00,57729
10/12/2014 0:00,57665
10/11/2014 0:00,57645
10/10/2014 0:00,57551
10/9/2014 0:00,57530
10/8/2014 0:00,57586
10/7/2014 0:00,57540
10/6/2014 0:00,57480
10/5/2014 0:00,57490
10/4/2014 0:00,57548
10/3/2014 0:00,57343
10/2/2014 0:00,57364
10/1/2014 0:00,57432
9/30/2014 0:00,57390
9/29/2014 0:00,57323
9/28/2014 0:00,57343
9/27/2014 0:00,57328
9/26/2014 0:00,57115
9/25/2014 0:00,56993
9/24/2014 0:00,56992
9/23/2014 0:00,57060
9/22/2014 0:00,56934
9/21/2014 0:00,56749
9/20/2014 0:00,56701
9/19/2014 0:00,56676
9/18/2014 0:00,56329
9/17/2014 0:00,56274
9/16/2014 0:00,56373
9/15/2014 0:00,56190
9/14/2014 0:00,56143
9/13/2014 0:00,56220
9/12/2014 0:00,56285
9/11/2014 0:00,56219
9/10/2014 0:00,56348
9/9/2014 0:00,56288
9/8/2014 0:00,56108
9/7/2014 0:00,56145
9/6/2014 0:00,56112
9/5/2014 0:00,56017
9/4/2014 0:00,56034
9/3/2014 0:00,56014
9/2/2014 0:00,56082
9/1/2014 0:00,55784
8/31/2014 0:00,55768
8/30/2014 0:00,55727
8/29/2014 0:00,55728
8/28/2014 0:00,55552
8/27/2014 0:00,55616
8/26/2014 0:00,55498
8/25/2014 0:00,55342
8/24/2014 0:00,55222
8/23/2014 0:00,55222
8/22/2014 0:00,55050
8/21/2014 0:00,55221
8/20/2014 0:00,55174
8/19/2014 0:00,55029
8/18/2014 0:00,54929
8/17/2014 0:00,54873
8/16/2014 0:00,55036
8/15/2014 0:00,55025
8/14/2014 0:00,54979
8/13/2014 0:00,55076
8/12/2014 0:00,55097
8/11/2014 0:00,54930
8/10/2014 0:00,54944
8/9/2014 0:00,54964
8/8/2014 0:00,54920
8/7/2014 0:00,54889
8/6/2014 0:00,54874
8/5/2014 0:00,54830
8/4/2014 0:00,54617
8/3/2014 0:00,54730
8/2/2014 0:00,54793
8/1/2014 0:00,54801
7/31/2014 0:00,54851
7/30/2014 0:00,54855
7/29/2014 0:00,54945
7/28/2014 0:00,54648
7/27/2014 0:00,54726
7/26/2014 0:00,54737
7/25/2014 0:00,54711
7/24/2014 0:00,54645
7/23/2014 0:00,54765
7/22/2014 0:00,54712
7/21/2014 0:00,54471
7/20/2014 0:00,54467
7/19/2014 0:00,54742
7/18/2014 0:00,54759
7/17/2014 0:00,54763
7/16/2014 0:00,54860
7/15/2014 0:00,54783
7/14/2014 0:00,54554
7/13/2014 0:00,54602
7/12/2014 0:00,54706
7/11/2014 0:00,54605
7/10/2014 0:00,54421
7/9/2014 0:00,54581
7/8/2014 0:00,54602
7/7/2014 0:00,54421
7/6/2014 0:00,54374
7/5/2014 0:00,54427
7/4/2014 0:00,54404
7/3/2014 0:00,54439
7/2/2014 0:00,54417
7/1/2014 0:00,54395
6/30/2014 0:00,54125
6/29/2014 0:00,54145
6/28/2014 0:00,54102
6/27/2014 0:00,54091
6/26/2014 0:00,53968
6/25/2014 0:00,53927
6/24/2014 0:00,53892
6/23/2014 0:00,53717
6/22/2014 0:00,53608
6/21/2014 0:00,53658
6/20/2014 0:00,53635
6/19/2014 0:00,53742
6/18/2014 0:00,53928
6/17/2014 0:00,53986
6/16/2014 0:00,53804
6/15/2014 0:00,53736
6/14/2014 0:00,53894
6/13/2014 0:00,53733
6/12/2014 0:00,53719
6/11/2014 0:00,53835
6/10/2014 0:00,53767
6/9/2014 0:00,53650
6/8/2014 0:00,53754
6/7/2014 0:00,53630
6/6/2014 0:00,53547
6/5/2014 0:00,53586
6/4/2014 0:00,53595
6/3/2014 0:00,53544
6/2/2014 0:00,53481
6/1/2014 0:00,53513
5/31/2014 0:00,53505
5/30/2014 0:00,53336
5/29/2014 0:00,53344
5/28/2014 0:00,53352
5/27/2014 0:00,53320
5/26/2014 0:00,53324
5/25/2014 0:00,53374
5/24/2014 0:00,53383
5/23/2014 0:00,53197
5/22/2014 0:00,53212
5/21/2014 0:00,53310
5/20/2014 0:00,53327
5/19/2014 0:00,53341
5/18/2014 0:00,53265
5/17/2014 0:00,53247
5/16/2014 0:00,53243
5/15/2014 0:00,53330
5/14/2014 0:00,53377
5/13/2014 0:00,53419
5/12/2014 0:00,53339
5/11/2014 0:00,53393
5/10/2014 0:00,53402
5/9/2014 0:00,53198
5/8/2014 0:00,53121
5/7/2014 0:00,53242
5/6/2014 0:00,53195
5/5/2014 0:00,53106
5/4/2014 0:00,53118
5/3/2014 0:00,53030
5/2/2014 0:00,52887
5/1/2014 0:00,52867
4/30/2014 0:00,52919
4/29/2014 0:00,52835
4/28/2014 0:00,52793
4/27/2014 0:00,52839
4/26/2014 0:00,52748
4/25/2014 0:00,52517
4/24/2014 0:00,52536
4/23/2014 0:00,52685
4/22/2014 0:00,52807
4/21/2014 0:00,52807
4/20/2014 0:00,52804
4/19/2014 0:00,52740
4/18/2014 0:00,52583
4/17/2014 0:00,52510
4/16/2014 0:00,52602
4/15/2014 0:00,52615
4/14/2014 0:00,52516
4/13/2014 0:00,52613
4/12/2014 0:00,52591
4/11/2014 0:00,52428
4/10/2014 0:00,52430
4/9/2014 0:00,52566
4/8/2014 0:00,52585
4/7/2014 0:00,52487
4/6/2014 0:00,52438
4/5/2014 0:00,52462
4/4/2014 0:00,52254
4/3/2014 0:00,52271
4/2/2014 0:00,52302
4/1/2014 0:00,52319
3/31/2014 0:00,52309
3/30/2014 0:00,53540
3/29/2014 0:00,53511
3/28/2014 0:00,53276
3/27/2014 0:00,53288
3/26/2014 0:00,53274
3/25/2014 0:00,53345
3/24/2014 0:00,52169
3/23/2014 0:00,52420
3/22/2014 0:00,52495
3/21/2014 0:00,52328
3/20/2014 0:00,52286
3/19/2014 0:00,52425
3/18/2014 0:00,52422
3/17/2014 0:00,52367
3/16/2014 0:00,52407
3/15/2014 0:00,52389
3/14/2014 0:00,52162
3/13/2014 0:00,52152
3/12/2014 0:00,52270
3/11/2014 0:00,52299
3/10/2014 0:00,52232
3/9/2014 0:00,52293
3/8/2014 0:00,52253
3/7/2014 0:00,52011
3/6/2014 0:00,52071
3/5/2014 0:00,52147
3/4/2014 0:00,52147
3/3/2014 0:00,52010
3/2/2014 0:00,52157
3/1/2014 0:00,52211
2/28/2014 0:00,52031
2/27/2014 0:00,52070
2/26/2014 0:00,52128
2/25/2014 0:00,52118
2/24/2014 0:00,52271
2/23/2014 0:00,52295
2/22/2014 0:00,52167
2/21/2014 0:00,52184
2/20/2014 0:00,52354
2/19/2014 0:00,52338
2/18/2014 0:00,52261
2/17/2014 0:00,52301
2/16/2014 0:00,52249
2/15/2014 0:00,52074
2/14/2014 0:00,52093
2/13/2014 0:00,52171
2/12/2014 0:00,52261
2/11/2014 0:00,52325
2/10/2014 0:00,52270
2/9/2014 0:00,52165
2/8/2014 0:00,52069
2/7/2014 0:00,52153
2/6/2014 0:00,52319
2/5/2014 0:00,52137
2/4/2014 0:00,52166
2/3/2014 0:00,52164
2/2/2014 0:00,52084
2/1/2014 0:00,51992
1/31/2014 0:00,52162
1/30/2014 0:00,52199
1/29/2014 0:00,52137
1/28/2014 0:00,52077
1/27/2014 0:00,51943
1/26/2014 0:00,51724
1/25/2014 0:00,51668
1/24/2014 0:00,51909
1/23/2014 0:00,52231
1/22/2014 0:00,52247
1/21/2014 0:00,52178
1/20/2014 0:00,52168
1/19/2014 0:00,52121
1/18/2014 0:00,51927
1/17/2014 0:00,51907
1/16/2014 0:00,51882
1/15/2014 0:00,51809
1/14/2014 0:00,51649
1/13/2014 0:00,51585
1/12/2014 0:00,51472
1/11/2014 0:00,51319
1/10/2014 0:00,51371
1/9/2014 0:00,51413
1/8/2014 0:00,51344
1/7/2014 0:00,51227
1/6/2014 0:00,51345
1/5/2014 0:00,51261
1/4/2014 0:00,51054
1/3/2014 0:00,51125
1/2/2014 0:00,51352
1/1/2014 0:00,51319
12/31/2013 0:00,51082
12/30/2013 0:00,50910
12/29/2013 0:00,50957
12/28/2013 0:00,50957
12/27/2013 0:00,50954
12/26/2013 0:00,50797
12/25/2013 0:00,50689
12/24/2013 0:00,50370
12/23/2013 0:00,50927
12/22/2013 0:00,50994
12/21/2013 0:00,50787
12/20/2013 0:00,50861
12/19/2013 0:00,51013
12/18/2013 0:00,50965
12/17/2013 0:00,50818
12/16/2013 0:00,51082
12/15/2013 0:00,50992
12/14/2013 0:00,50851
12/13/2013 0:00,50871
12/12/2013 0:00,51151
12/11/2013 0:00,51183
12/10/2013 0:00,51215
12/9/2013 0:00,51152
12/8/2013 0:00,51020
12/7/2013 0:00,51073
12/6/2013 0:00,51203
12/5/2013 0:00,51174
12/4/2013 0:00,51156
12/3/2013 0:00,51314
12/2/2013 0:00,51237
12/1/2013 0:00,50999
11/30/2013 0:00,50926
11/29/2013 0:00,50971
11/28/2013 0:00,50909
11/27/2013 0:00,50929
11/26/2013 0:00,51093
11/25/2013 0:00,51218
11/24/2013 0:00,51031
11/23/2013 0:00,50976
11/22/2013 0:00,51076
11/21/2013 0:00,51283
11/20/2013 0:00,51346
11/19/2013 0:00,51489
11/18/2013 0:00,51422
11/17/2013 0:00,51198
11/16/2013 0:00,51214
11/15/2013 0:00,51380
11/14/2013 0:00,51377
11/13/2013 0:00,51383
11/12/2013 0:00,51376
11/11/2013 0:00,51185
11/10/2013 0:00,51110
11/9/2013 0:00,51236
11/8/2013 0:00,51166
11/7/2013 0:00,51066
11/6/2013 0:00,50918
11/5/2013 0:00,50960
11/4/2013 0:00,51028
11/3/2013 0:00,50985
11/2/2013 0:00,50941
11/1/2013 0:00,50912
10/31/2013 0:00,50881
10/30/2013 0:00,50658
10/29/2013 0:00,50733
10/28/2013 0:00,51061
10/27/2013 0:00,51163
10/26/2013 0:00,51222
10/25/2013 0:00,51263
10/24/2013 0:00,51262
10/23/2013 0:00,51055
10/22/2013 0:00,51012
10/21/2013 0:00,51153
10/20/2013 0:00,51052
10/19/2013 0:00,50994
10/18/2013 0:00,51062
10/17/2013 0:00,51059
10/16/2013 0:00,50816
10/15/2013 0:00,50732
10/14/2013 0:00,50762
10/13/2013 0:00,50772
10/12/2013 0:00,50892
10/11/2013 0:00,50962
10/10/2013 0:00,50865
10/9/2013 0:00,50593
10/8/2013 0:00,50674
10/7/2013 0:00,50728
10/6/2013 0:00,50686
10/5/2013 0:00,50602
10/4/2013 0:00,50637
10/3/2013 0:00,50581
10/2/2013 0:00,50324
10/1/2013 0:00,50339
9/30/2013 0:00,50351
9/29/2013 0:00,50315
9/28/2013 0:00,50646
9/27/2013 0:00,50595
9/26/2013 0:00,50434
9/25/2013 0:00,50486
9/24/2013 0:00,50692
9/23/2013 0:00,50584
9/22/2013 0:00,50525
9/21/2013 0:00,50608
9/20/2013 0:00,50461
9/19/2013 0:00,50282
9/18/2013 0:00,50378
9/17/2013 0:00,50414
9/16/2013 0:00,50450
9/15/2013 0:00,50452
9/14/2013 0:00,50526
9/13/2013 0:00,50540
9/12/2013 0:00,50250
9/11/2013 0:00,50218
9/10/2013 0:00,50240
9/9/2013 0:00,50151
9/8/2013 0:00,50149
9/7/2013 0:00,50123
9/6/2013 0:00,49957
9/5/2013 0:00,49912
9/4/2013 0:00,49747
9/3/2013 0:00,49751
9/2/2013 0:00,49781
9/1/2013 0:00,49662
8/31/2013 0:00,49462
8/30/2013 0:00,49525
8/29/2013 0:00,49808
8/28/2013 0:00,49753
8/27/2013 0:00,49736
8/26/2013 0:00,49877
8/25/2013 0:00,49858
8/24/2013 0:00,49617
8/23/2013 0:00,49548
8/22/2013 0:00,49690
8/21/2013 0:00,49673
